nama_produk,harga,rating,nama_toko,lokasi_toko,url,timestamp_cleaned
MIISOO Karet Pengikat Earphone TWS Bluetooth Handsfree agar tidak mudah jatuh dan hilang Accessories Headset Headphone,10000,4.7,MIISOO,Kab. Tangerang,https://www.tokopedia.com/miisooid/miisoo-karet-pengikat-earphone-tws-bluetooth-handsfree-agar-tidak-mudah-jatuh-dan-hilang-accessories-headset-headphone-1729382959656043874?extParam=ivf%3Dfalse%26keyword%3Dheadphone+bluetooth%26src%3Dsearch,2025-10-25 07:07:46
AMINO EP05 Headset 3.5mm Jack / Wired Headset Wired Earphone Bass Smartphone / Handsfree Mic / Hard Case / Tas Organizer Travel Pouch / Earphone Bag Hard Case / Case PU Waterproof Bluetooth Headphone Earphones Hitam Putih,22900,4.8,AMINO Shop Indonesia,Jakarta Barat,https://www.tokopedia.com/aminoofficialstore/amino-ep05-headset-3-5mm-jack-wired-headset-wired-earphone-bass-smartphone-handsfree-mic-hard-case-tas-organizer-travel-pouch-earphone-bag-hard-case-case-pu-waterproof-bluetooth-headphone-earphones-hitam-putih-1729622624915589423?extParam=ivf%3Dfalse%26keyword%3Dheadphone+bluetooth%26src%3Dsearch,2025-10-25 07:07:46
AVEN Headphone Bluetooth P47 Headset Bando V5.0 Stereo Super Bass,28056,4.8,Aven Indonesia,Jakarta Barat,https://www.tokopedia.com/avenindonesia/aven-headphone-bluetooth-p47-headset-bando-v5-0-stereo-super-bass-hitam?extParam=ivf%3Dtrue%26keyword%3Dheadphone+bluetooth%26src%3Dsearch,2025-10-25 07:07:46
AVEN Headphone Bluetooth MZ-023 Led Telinga Kucing Stereo Extra Bass / Sangat Nyaman Di Telinga,48337,5.0,Aven Indonesia,Jakarta Barat,https://www.tokopedia.com/avenindonesia/aven-headphone-bluetooth-mz-023-led-telinga-kucing-stereo-extra-bass-sangat-nyaman-di-telinga-1730823646348084675?extParam=ivf%3Dfalse%26keyword%3Dheadphone+bluetooth%26search_id%3D20251024233315577BCC914F9E55036XH6%26src%3Dsearch,2025-10-25 07:07:46
Izzy X Km KL38 Bluetooth Headset Headphone Earphone Over Ear Hijau Putih Hijau Putih Wireless Handsfree,62269,5.0,Izzy Audio,Jakarta Pusat,https://www.tokopedia.com/izzy-audio/izzy-x-km-kl38-bluetooth-headset-headphone-earphone-over-ear-cream-5ae11?extParam=ivf%3Dtrue%26keyword%3Dheadphone+bluetooth%26search_id%3D20251024233315577BCC914F9E55036XH6%26src%3Dsearch,2025-10-25 07:07:46
IZZY KM KL50 Sport Bluetooth 5.2 Earphone Wirelesss Headset Handfsree neckband sport earphones LED power display Headphone,66016,5.0,Izzy Audio,Jakarta Pusat,https://www.tokopedia.com/izzy-audio/izzy-km-kl50-sport-bluetooth-5-2-earphone-wirelesss-headset-handfsree-neckband-sport-earphones-led-power-display-headphone-1730600850974737989?extParam=ivf%3Dtrue%26keyword%3Dheadphone+bluetooth%26search_id%3D20251024233315577BCC914F9E55036XH6%26src%3Dsearch,2025-10-25 07:07:46
VIMET Wireless Headphone Kuromi Cute MA-9 / Headphone Bluetooth Karakter Kuromi Lucu Model MA-9,69000,5.0,Vimet Official,Jakarta Barat,https://www.tokopedia.com/vofficial-13/vimet-wireless-headphone-kuromi-cute-ma-9-headphone-bluetooth-karakter-kuromi-lucu-model-ma-9-1729760685181208530?extParam=ivf%3Dtrue%26keyword%3Dheadphone+bluetooth%26search_id%3D20251024233315577BCC914F9E55036XH6%26src%3Dsearch,2025-10-25 07:07:46
Headphone Headset Bluetooth Wireless ProSound 1 Extra Bass + Mic,74900,4.8,Divipard,Jakarta Utara,https://www.tokopedia.com/divipard/v30-wireless-bluetooth-4-2-headphone-headset-music-gaming-with-mic-fm-putih?extParam=ivf%3Dfalse%26keyword%3Dheadphone+bluetooth%26src%3Dsearch,2025-10-25 07:07:46
BLUETOOTH TRANSMITTER AUDIO TV KE HEADPHONE SPEAKER DONGLE TRANSMITER Earphone Wireless,75000,4.8,Luxer,Jakarta Barat,https://www.tokopedia.com/luxer/bluetooth-transmitter-audio-tv-ke-headphone-speaker-dongle-transmiter-earphone-wireless-1731176367311652519?extParam=ivf%3Dfalse%26keyword%3Dheadphone+bluetooth%26src%3Dsearch,2025-10-25 07:07:46
BLUETOOTH RECEIVER ADAPTER SPEAKER AUX DONGLE MUSIC WIRELESS USB MURAH Earphone Headphone,75000,4.8,Luxer,Jakarta Barat,https://www.tokopedia.com/luxer/bluetooth-receiver-adapter-speaker-aux-dongle-music-wireless-usb-murah-earphone-headphone-1731176336410576551?extParam=ivf%3Dfalse%26keyword%3Dheadphone+bluetooth%26src%3Dsearch,2025-10-25 07:07:46
KiiP Wireless DTH3 Bluetooth Headset Headphone Earphone Over Ear Bass,76000,4.9,KiiP Official,Tangerang,https://www.tokopedia.com/kiip/kiip-wireless-dth3-bluetooth-headset-headphone-earphone-over-ear-hitam-pro-93a69?extParam=ivf%3Dtrue%26keyword%3Dheadphone+bluetooth%26src%3Dsearch,2025-10-25 07:07:46
SH1 Sport Bluetooth Earphone Wirelesss Headset Handsfree 5.0 Headphone Earphones Earbuds Bass,76630,4.9,Izzy Audio,Jakarta Pusat,https://www.tokopedia.com/izzy-audio/sh1-sport-bluetooth-earphone-wirelesss-headset-handsfree-5-0-headphone-earphones-earbuds-bass-1729713512334985797?extParam=ivf%3Dfalse%26keyword%3Dheadphone+bluetooth%26src%3Dsearch,2025-10-25 07:07:46
Essager Adaptor Audio Wireless Bluetooth 5.1 Reveiver Transmitter Aux Mobil Speaker Headphone,85000,4.9,Essager Official Shop,Jakarta Barat,https://www.tokopedia.com/essager/essager-adaptor-audio-wireless-bluetooth-5-1-reveiver-transmitter-aux-mobil-speaker-headphone-1730991178707470312?extParam=ivf%3Dfalse%26keyword%3Dheadphone+bluetooth%26src%3Dsearch,2025-10-25 07:07:46
AMINO X1 TWS Wireless Bluetooth Earphone Headset Mini Earbuds Bluetooth 5.3 Earphones Headphone Headphones Hijau,86364,4.9,AMINO Shop Indonesia,Jakarta Barat,https://www.tokopedia.com/aminoofficialstore/amino-x1-tws-wireless-bluetooth-earphone-headset-mini-earbuds-bluetooth-5-3-earphones-headphone-headphones-hijau-1730735921580573999?extParam=ivf%3Dfalse%26keyword%3Dheadphone+bluetooth%26src%3Dsearch,2025-10-25 07:07:46
IZZY x EZRA TWS 53  Wireless Earphone ANC  Adaptive Noise Canceling   Earbuds  Headset  Bluetooth 5.3 Headphone Pc Bass,98900,5.0,Izzy Audio,Jakarta Pusat,https://www.tokopedia.com/izzy-audio/izzy-x-ezra-tws-53-wireless-earphone-anc-adaptive-noise-canceling-earbuds-headset-bluetooth-5-3-headphone-pc-bass-1730575189000422981?extParam=ivf%3Dfalse%26keyword%3Dheadphone+bluetooth%26search_id%3D20251024233315577BCC914F9E55036XH6%26src%3Dsearch,2025-10-25 07:07:46
KiiP Wireless DTS15 Bluetooth Earphone Headphone Headset Earbuds TWS,99000,4.8,KiiP Collection Gadget,Tangerang,https://www.tokopedia.com/kiipcollectiongadget/kiip-wireless-dts15-bluetooth-earphone-headphone-headset-earbuds-tws-1731034660186261266?extParam=ivf%3Dfalse%26keyword%3Dheadphone+bluetooth%26src%3Dsearch,2025-10-25 07:07:46
Tecnix HP-B032 Headphone Wireless Bluetooth 5.0 Adjustable,105000,5.0,Starcomp Semarang,Semarang,https://www.tokopedia.com/starcomp-semarang/tecnix-hp-b032-headphone-wireless-bluetooth-5-0-adjustable-hitam?extParam=ivf%3Dfalse%26keyword%3Dheadphone+bluetooth%26search_id%3D20251024233315577BCC914F9E55036XH6%26src%3Dsearch,2025-10-25 07:07:46
TWS True Wireless Earphone Earbuds Bluetooth V5.3 | INFINILAPAN Headset Lighting Earphones  Pink Headphone tws  full  wibu,119899,4.9,Infinilapan office,Jakarta Utara,https://www.tokopedia.com/infinilapan/tws-true-wireless-earphone-earbuds-bluetooth-v5-3-infinilapan-headset-lighting-earphones-pink-headphone-tws-full-wibu-1729485130712910715?extParam=ivf%3Dtrue%26keyword%3Dheadphone+bluetooth%26src%3Dsearch%26whid%3D12504512,2025-10-25 07:07:46
KIIP WIRELESS TWS BLUETOOTH HEADSET HEADPHONE EARPHONE EARBUDS  DSTS2,120000,5.0,Citos Global Teknologi,Tangerang,https://www.tokopedia.com/citosglobalteknologi/kiip-wireless-tws-bluetooth-headset-headphone-earphone-earbuds-dsts2-ungu-23ec5?extParam=ivf%3Dfalse%26keyword%3Dheadphone+bluetooth%26search_id%3D20251024233315577BCC914F9E55036XH6%26src%3Dsearch,2025-10-25 07:07:46
FANTECH Headset GO AIR WH02 Wireless Bluetooth Headphone Mic jack dc,125000,5.0,MULTIKOM ID,Palembang,https://www.tokopedia.com/multikom-id/fantech-headset-go-air-wh02-wireless-bluetooth-headphone-mic-jack-dc?extParam=ivf%3Dfalse%26keyword%3Dheadphone+bluetooth%26search_id%3D20251024233315577BCC914F9E55036XH6%26src%3Dsearch,2025-10-25 07:07:46
Olike T102 TWS Bluetooth Earphone True Wireless Stereo Headphone Headset,125010,5.0,Click & Go Tokopedia,Bandung,https://www.tokopedia.com/clickandgo/olike-t102-tws-bluetooth-earphone-true-wireless-stereo-headphone-headset-1730025042408801540?extParam=ivf%3Dfalse%26keyword%3Dheadphone+bluetooth%26search_id%3D20251024233315577BCC914F9E55036XH6%26src%3Dsearch,2025-10-25 07:07:46
USAMS Original True Wireless Bluetooth Earphone TWS BU12 Mini Earbuds Stereo earphones Bass headset Sport gaming headphone Earbud Headphones Telepon,128900,5.0,Izzy Audio,Jakarta Pusat,https://www.tokopedia.com/izzy-audio/usams-original-true-wireless-bluetooth-earphone-tws-bu12-bass-ungu?extParam=ivf%3Dtrue%26keyword%3Dheadphone+bluetooth%26search_id%3D20251024233315577BCC914F9E55036XH6%26src%3Dsearch,2025-10-25 07:07:46
OLIKE HEADPHONE BLUETOOTH MIC HANDSFREE HEADSET EARPHONE WIRELESS H1,136500,5.0,Coolpad.Health,Jakarta Pusat,https://www.tokopedia.com/coolpadhealth/olike-headphone-bluetooth-mic-handsfree-headset-earphone-wireless-h1-hitam-orange-44074?extParam=ivf%3Dfalse%26keyword%3Dheadphone+bluetooth%26src%3Dsearch,2025-10-25 07:07:46
OLIKE H1  HEADPHONE BLUETOOTH MIC HANDSFREE HEADSET EARPHONE WIRELESS,139000,5.0,MULTIKOM ID,Palembang,https://www.tokopedia.com/multikom-id/olike-h1-headphone-bluetooth-mic-handsfree-headset-earphone-wireless?extParam=ivf%3Dfalse%26keyword%3Dheadphone+bluetooth%26search_id%3D20251024233315577BCC914F9E55036XH6%26src%3Dsearch,2025-10-25 07:07:46
FANTECH Headset WH02 Wireless Bluetooth Headphone Mic TypeC Charging,139999,5.0,AGRES ID MEDAN,Medan,https://www.tokopedia.com/agresidmedan/fantech-headset-wh02-wireless-bluetooth-headphone-mic-typec-charging-black-603ee?extParam=ivf%3Dfalse%26keyword%3Dheadphone+bluetooth%26search_id%3D20251024233315577BCC914F9E55036XH6%26src%3Dsearch,2025-10-25 07:07:46
OLIKE HEADPHONE BLUETOOTH MIC HANDSFREE HEADSET EARPHONE WIRELESS H1,140000,5.0,HEALTH CCARE,Jakarta Pusat,https://www.tokopedia.com/healthycare-3/olike-headphone-bluetooth-mic-handsfree-headset-earphone-wireless-h1-hitam-0668d?extParam=ivf%3Dfalse%26keyword%3Dheadphone+bluetooth%26search_id%3D20251024233315577BCC914F9E55036XH6%26src%3Dsearch,2025-10-25 07:07:46
KIIP WIRELESS HEADPHONE BLUETOOTH HEADSET GAMING MIC ON TH30,149000,5.0,Citos Global Teknologi,Tangerang,https://www.tokopedia.com/citosglobalteknologi/kiip-wireless-headphone-bluetooth-headset-gaming-mic-on-th30-black-d3b84?extParam=ivf%3Dtrue%26keyword%3Dheadphone+bluetooth%26search_id%3D20251024233315577BCC914F9E55036XH6%26src%3Dsearch,2025-10-25 07:07:46
Headphone AirMax | Headset Bluetooth Wireless Gaming – Advanced Digital Audio,149000,5.0,MrMaid Store,Jakarta Utara,https://www.tokopedia.com/mrmaidstore/headphone-airmax-headset-bluetooth-wireless-gaming-advanced-digital-audio-black-fee61?extParam=ivf%3Dfalse%26keyword%3Dheadphone+bluetooth%26search_id%3D20251024233315577BCC914F9E55036XH6%26src%3Dsearch,2025-10-25 07:07:46
Vention Headphone Wireless Bluetooth Headset On Air with Mic,149900,4.7,Inprotek,Jakarta Barat,https://www.tokopedia.com/inprotek/vention-headphone-wireless-bluetooth-headset-on-air-with-mic?extParam=ivf%3Dfalse%26keyword%3Dheadphone+bluetooth%26src%3Dsearch,2025-10-25 07:07:46
Transformers TF-T21 TWS Bluetooth Earphone - OWS Open Ear Sport Headset Headphone Earbuds HD calling,150000,5.0,Transformers Indonesia,Kab. Tangerang,https://www.tokopedia.com/transformersindonesia/transformers-tf-t21-tws-bluetooth-earphone-ows-open-ear-sport-headset-headphone-earbuds-hd-calling-1732319419521992131?extParam=ivf%3Dfalse%26keyword%3Dheadphone+bluetooth%26search_id%3D20251024233315577BCC914F9E55036XH6%26src%3Dsearch,2025-10-25 07:07:46
Olike H1S Titan Wireless Headphone Bluetooth Bass Max HiFi Sound BT 5.4 New H1,159000,5.0,Liem Group,Jakarta Barat,https://www.tokopedia.com/liemgroup/olike-h1s-titan-wireless-headphone-bluetooth-bass-max-hifi-sound-bt-5-4-new-h1-1730905580185749165?extParam=ivf%3Dfalse%26keyword%3Dheadphone+bluetooth%26search_id%3D20251024233315577BCC914F9E55036XH6%26src%3Dsearch,2025-10-25 07:07:46
KiiP Wireless TH30 Headphone Bluetooth Wireless Headset Earphone,159000,5.0,KiiP Collection Gadget,Tangerang,https://www.tokopedia.com/kiipcollectiongadget/kiip-wireless-th30-headphone-bluetooth-wireless-headset-earphone-1731036116234045202?extParam=ivf%3Dfalse%26keyword%3Dheadphone+bluetooth%26search_id%3D20251024233315577BCC914F9E55036XH6%26src%3Dsearch,2025-10-25 07:07:46
KiiP Wireless TH30 Pro Headphone Bluetooth Wireless Headset Earphone,159000,4.9,KiiP Official,Tangerang,https://www.tokopedia.com/kiip/kiip-wireless-th30-pro-headphone-bluetooth-wireless-headset-earphone-hitam-pro-3f376?extParam=ivf%3Dtrue%26keyword%3Dheadphone+bluetooth%26src%3Dsearch,2025-10-25 07:07:46
Fantech Life Headphone Bluetooth Wireless Headset Wireless GO AIR WH02 Desain Ringan & Suara Jernih,159000,5.0,Fantech Smart Life,Jakarta Barat,https://www.tokopedia.com/fantechsmartlife/fantech-life-headphone-bluetooth-wireless-headset-wireless-go-air-wh02-desain-ringan-suara-jernih-1730779126424110777?extParam=ivf%3Dtrue%26keyword%3Dheadphone+bluetooth%26src%3Dsearch,2025-10-25 07:07:46
Oraimo TWS Freepods Neo OTW-330S Bluetooth v5.3 True Wireless Stereo Bluetooth ENC Headphone Gaming Earbuds Low Latency IPX4 Waterproof asdf,164899,4.8,oraimo AudioLab,Jakarta Pusat,https://www.tokopedia.com/oraimoindonesia/oraimo-tws-freepods-neo-otw-330s-bluetooth-v5-3-true-wireless-stereo-bluetooth-enc-headphone-gaming-earbuds-low-latency-ipx4-waterproof-asdf-1731215871243355865?extParam=ivf%3Dtrue%26keyword%3Dheadphone+bluetooth%26src%3Dsearch,2025-10-25 07:07:46
ORIGINAL TWS SAGE G05 Headset Bluetooth gaming kabel type - c Headphone Earphone Full Bass Stereo Wireless Earphone TWS kualitas premium LED With Mic Headphones Handset HiFi Stereo Earbud Power Bank  Tahan Air  ORI,165000,5.0,SAGE STORE ID,Jakarta Utara,https://www.tokopedia.com/sageofficialstore/original-tws-sage-g05-headset-bluetooth-gaming-kabel-type-c-headphone-earphone-full-bass-stereo-wireless-earphone-tws-kualitas-premium-led-with-mic-headphones-handset-hifi-stereo-earbud-power-bank-tahan-air-ori-1729700063468817103?extParam=ivf%3Dtrue%26keyword%3Dheadphone+bluetooth%26src%3Dsearch,2025-10-25 07:07:46
VIVAN Liberty T100E TWS Earphone Headset Headphone Bluetooth 5.3 IPX5,168000,5.0,SSD SOLUTION STORE,Jakarta Barat,https://www.tokopedia.com/ssdsolution/vivan-liberty-t100e-tws-earphone-headset-headphone-bluetooth-5-3-ipx5-white-136cf?extParam=ivf%3Dfalse%26keyword%3Dheadphone+bluetooth%26src%3Dsearch,2025-10-25 07:07:46
Fantech Headphone Bluetooth Headset Wireless GO AIR WH02 Earphones Headphones,169000,4.9,Fantech Official Store,Jakarta Barat,https://www.tokopedia.com/fantech-official-store/fantech-headphone-bluetooth-headset-wireless-go-air-wh02-earphones-headphones-1730779217769170378?extParam=ivf%3Dfalse%26keyword%3Dheadphone+bluetooth%26search_id%3D20251024233315577BCC914F9E55036XH6%26src%3Dsearch,2025-10-25 07:07:46
Olike Titan Wireless Headphone Bluetooth H1S  Bass Max HiFi Sound BT 5.4,170500,5.0,Olike Store,Kab. Tangerang,https://www.tokopedia.com/olike-official/olike-titan-wireless-headphone-bluetooth-h1s-bass-max-hifi-sound-bt-5-4-1729755357984818672?extParam=ivf%3Dfalse%26keyword%3Dheadphone+bluetooth%26src%3Dsearch,2025-10-25 07:07:46
ThePod LED A9 Pro With Led Charging Case - Noise Cancelling earbuds ANC ENC( BALANCE/BASS/JAZZ/STUDIO Mode adjustment) 9D Hifi Stereo TWS earphone bluetooth - Headphone 9D Spatial Audio,172000,5.0,Buds Indonesia,Jakarta Utara,https://www.tokopedia.com/buds-indonesia/thepod-led-a9-pro-with-led-charging-case-noise-cancelling-earbuds-anc-enc-balance-bass-jazz-studio-mode-adjustment-9d-hifi-stereo-tws-earphone-bluetooth-headphone-9d-spatial-audio-1731469783838655957?extParam=ivf%3Dtrue%26keyword%3Dheadphone+bluetooth%26src%3Dsearch,2025-10-25 07:07:46
Rexus M2 Headphone Headset Bluetooth Jack Aux 3.5 Micro SD FM Radio,174000,5.0,Starcomp Purwokerto,Kab. Banyumas,https://www.tokopedia.com/starcomppurwokerto/rexus-m2-headphone-headset-bluetooth-jack-aux-3-5-micro-sd-fm-radio-black-6616d?extParam=ivf%3Dtrue%26keyword%3Dheadphone+bluetooth%26search_id%3D20251024233315577BCC914F9E55036XH6%26src%3Dsearch,2025-10-25 07:07:46
KiiP Wireless TH60 Headphone Bluetooth Wireless Headset + Pouch Laptop Earphones Headphones Komputer Plastik Microphone,178900,5.0,Izzy Audio,Jakarta Pusat,https://www.tokopedia.com/izzy-audio/kiip-wireless-th60-headphone-bluetooth-wireless-headset-pouch-laptop-earphones-headphones-komputer-plastik-microphone-1729682528802409029?extParam=ivf%3Dfalse%26keyword%3Dheadphone+bluetooth%26search_id%3D20251024233315577BCC914F9E55036XH6%26src%3Dsearch,2025-10-25 07:07:46
KiiP Wireless DTS10 Wireless Headphone Bone Conduction Bluetooth Earphone Bass Telepon Headset,179000,4.9,KiiP Official,Tangerang,https://www.tokopedia.com/kiip/kiip-wireless-dts10-bluetooth-headphone-bone-conduction-headset-hitam?extParam=ivf%3Dtrue%26keyword%3Dheadphone+bluetooth%26src%3Dsearch%26whid%3D7080,2025-10-25 07:07:46
KiiP Wireless TH60 Headphone Bluetooth Wireless Headset Earphone Laptop Earphones Headphones Komputer Microphone,179000,4.9,KiiP Official,Tangerang,https://www.tokopedia.com/kiip/kiip-wireless-th60-headphone-bluetooth-headset-earphone-biru?extParam=ivf%3Dtrue%26keyword%3Dheadphone+bluetooth%26src%3Dsearch%26whid%3D7080,2025-10-25 07:07:46
KIIP WIRELESS HEADPHONE BONE CONDUCTION BLUETOOTH EARPHONE DTS10,179000,4.9,Citos Global Teknologi,Tangerang,https://www.tokopedia.com/citosglobalteknologi/kiip-wireless-headphone-bone-conduction-bluetooth-earphone-dts10-beige-04ca0?extParam=ivf%3Dtrue%26keyword%3Dheadphone+bluetooth%26search_id%3D20251024233315577BCC914F9E55036XH6%26src%3Dsearch,2025-10-25 07:07:46
Vention Wireless Headphone ENC Bluetooth Headset Earphone TWS OpenBeat O12,179550,4.8,Vention Authorized Store,Jakarta Barat,https://www.tokopedia.com/sinshe-tekno/vention-wireless-headphone-enc-bluetooth-headset-earphone-tws-openbeat-o12-nbu-black-59f7a?extParam=ivf%3Dtrue%26keyword%3Dheadphone+bluetooth%26src%3Dsearch,2025-10-25 07:07:46
IZZY New TH70 Headphone Bluetooth Wireless Stereo HIFI BT5.3 Headset Earphone  Stylish Sound Bass,187850,4.9,Izzy Audio,Jakarta Pusat,https://www.tokopedia.com/izzy-audio/izzy-new-th70-headphone-bluetooth-wireless-stereo-hifi-bt5-3-headset-earphone-stylish-sound-bass-1729864088616077893?extParam=ivf%3Dtrue%26keyword%3Dheadphone+bluetooth%26src%3Dsearch,2025-10-25 07:07:46
Headphone Extra Bass With Mic FREE Speaker Bluetooth Portable Wireless,189000,4.8,SmartClick.id,Tangerang,https://www.tokopedia.com/smartclick/headphone-extra-bass-with-mic-free-speaker-bluetooth-portable-wireless-headphone-holder-hp-e9009?extParam=ivf%3Dfalse%26keyword%3Dheadphone+bluetooth%26src%3Dsearch,2025-10-25 07:07:46
Rexus M2 Headset Wireless Bluetooth Headphone Earphones,189000,5.0,Risc Computer,Surakarta,https://www.tokopedia.com/risccomputer/rexus-m2-headset-wireless-bluetooth-headphone-earphones-1730711092783449872?extParam=ivf%3Dfalse%26keyword%3Dheadphone+bluetooth%26search_id%3D20251024233315577BCC914F9E55036XH6%26src%3Dsearch,2025-10-25 07:07:46
Fantech Headphone GO VIBE WH05 Bluetooth Dual Mode Headset Wireless Koneksi Stabil & Suara Jernih,189000,5.0,Fantech Smart Life,Jakarta Barat,https://www.tokopedia.com/fantechsmartlife/fantech-life-headphone-bluetooth-dual-mode-headset-wireless-go-vibe-wh05-koneksi-stabil-suara-jernih-1731285374173021220?extParam=ivf%3Dtrue%26keyword%3Dheadphone+bluetooth%26src%3Dsearch,2025-10-25 07:07:46
USAMS JC001 Headphone Wireless Bluetooth Open Ear BT5.0,197000,4.8,USAMS ID Official,Tangerang,https://www.tokopedia.com/usamsidofficial/usams-jc001-headphone-wireless-bluetooth-open-ear-bt5-0-1729383076272637855?extParam=ivf%3Dfalse%26keyword%3Dheadphone+bluetooth%26src%3Dsearch,2025-10-25 07:07:46
[Sale] Thinkplus EH150 Foldable Wireless Bluetooth Headphone 5.4 Wired Headset HD Surround Sound,199000,5.0,KiiP Collection Gadget,Tangerang,https://www.tokopedia.com/kiipcollectiongadget/sale-thinkplus-eh150-foldable-wireless-bluetooth-headphone-5-4-wired-headset-hd-surround-sound-1731438548548158827?extParam=ivf%3Dfalse%26keyword%3Dheadphone+bluetooth%26search_id%3D20251024233315577BCC914F9E55036XH6%26src%3Dsearch,2025-10-25 07:07:46
Headphone RGB | Headset Gaming - Bluetooth Wireless Gaming – High Resolution Digital Audio,199000,5.0,MrMaid Store,Jakarta Utara,https://www.tokopedia.com/mrmaidstore/headphone-rgb-headset-gaming-bluetooth-wireless-gaming-high-resolution-digital-audio-hitam-d98d7?extParam=ivf%3Dfalse%26keyword%3Dheadphone+bluetooth%26search_id%3D20251024233315577BCC914F9E55036XH6%26src%3Dsearch,2025-10-25 07:07:46
[BUNDLE] oraimo Flow OTW-3003 & Flick OTW-3002 Stereo Nirkabel Sesungguhnya V5.3 ENC IPX4 Headset Super Bass Headphone Earphone Hitam Laptop TRUE Wireless Black Earphones Headphones Telepon Bluetooth,199899,4.8,oraimo AudioLab,Jakarta Pusat,https://www.tokopedia.com/oraimoindonesia/bundle-oraimo-flow-otw-3003-flick-otw-3002-stereo-nirkabel-sesungguhnya-v5-3-enc-ipx4-headset-super-bass-headphone-earphone-hitam-laptop-true-wireless-black-earphones-headphones-telepon-bluetooth-1732643959343515353?extParam=ivf%3Dtrue%26keyword%3Dheadphone+bluetooth%26src%3Dsearch,2025-10-25 07:07:46
Neo Melo Headset Foldable Bluetooth Headphone,201999,4.8,NOIR GEAR OFFICIAL,Jakarta Barat,https://www.tokopedia.com/noir-gear-official/neo-melo-headset-foldable-bluetooth-headphone-black-20e22?extParam=ivf%3Dtrue%26keyword%3Dheadphone+bluetooth%26src%3Dsearch,2025-10-25 07:07:46
Vivan Headphone H200 Spirit Headset Bluetooth With Dual EQ - Garansi 1 Tahun,209000,5.0,Pelengkapmu Accecories,Malang,https://www.tokopedia.com/pelengkapmu/vivan-headphone-h200-spirit-headset-bluetooth-with-dual-eq-garansi-1-tahun-1730769302878914471?extParam=ivf%3Dfalse%26keyword%3Dheadphone+bluetooth%26src%3Dsearch,2025-10-25 07:07:46
Fantech WH05 GO VIBE Headset Wireless Bluetooth Dual Connection Swivel Headphone Earphone,212370,5.0,Click & Go Tokopedia,Bandung,https://www.tokopedia.com/clickandgo/fantech-wh05-go-vibe-headset-wireless-bluetooth-dual-connection-swivel-headphone-earphone-1729864562013996292?extParam=ivf%3Dfalse%26keyword%3Dheadphone+bluetooth%26search_id%3D20251024233315577BCC914F9E55036XH6%26src%3Dsearch,2025-10-25 07:07:46
Fantech Headphone Bluetooth Dual Mode Headset Wireless GO VIBE WH05 Earphone Microphone Bass,219000,4.8,Fantech Official Store,Jakarta Barat,https://www.tokopedia.com/fantech-official-store/fantech-headphone-bluetooth-dual-mode-headset-wireless-go-vibe-wh05-hitam-c49cf?extParam=ivf%3Dfalse%26keyword%3Dheadphone+bluetooth%26src%3Dsearch,2025-10-25 07:07:46
USAMS YH21 Wireless Headphone Bluetooth 5.3 500mAh,227000,4.9,USAMS ID Official,Tangerang,https://www.tokopedia.com/usamsidofficial/usams-yh21-wireless-headphone-bluetooth-5-3-500mah-beige-d5bb6?extParam=ivf%3Dtrue%26keyword%3Dheadphone+bluetooth%26src%3Dsearch%26whid%3D9939669,2025-10-25 07:07:46
Vention Wireless Headphone ENC Bluetooth Headset Earphone Black,237500,4.9,Vention Authorized Store,Jakarta Barat,https://www.tokopedia.com/sinshe-tekno/vention-wireless-headphone-enc-bluetooth-headset-earphone-black-1729569672071841191?extParam=ivf%3Dtrue%26keyword%3Dheadphone+bluetooth%26search_id%3D20251024233315577BCC914F9E55036XH6%26src%3Dsearch,2025-10-25 07:07:46
Izzy New TH20 Headphone Free Pouch Bluetooth Wireless Headset Earphone 5.3,238000,5.0,ILO Id,Jakarta Pusat,https://www.tokopedia.com/ilo-official/izzy-new-th20-headphone-free-pouch-bluetooth-wireless-headset-earphone-5-3-beige-a66a6?extParam=ivf%3Dtrue%26keyword%3Dheadphone+bluetooth%26src%3Dsearch,2025-10-25 07:07:46
Philips TAA1708 / TAA 1708 16mm Driver Bluetooth Open Ear Wireless Headphone,239000,5.0,Starcomp Solo,Kab. Banyumas,https://www.tokopedia.com/starcompsolo/philips-taa1708-taa-1708-16mm-driver-bluetooth-open-ear-wireless-headphone-1730834929446389136?extParam=ivf%3Dfalse%26keyword%3Dheadphone+bluetooth%26search_id%3D20251024233315577BCC914F9E55036XH6%26src%3Dsearch%26whid%3D19300521,2025-10-25 07:07:46
DBE HBT90 NC Over Hear Headphone Bluetooth Active Noise Cancelling ANC Bass Microphone,250850,5.0,Click & Go Tokopedia,Bandung,https://www.tokopedia.com/clickandgo/dbe-hbt90-nc-over-hear-headphone-bluetooth-active-noise-cancelling-anc-bass-microphone-1729922868714898692?extParam=ivf%3Dfalse%26keyword%3Dheadphone+bluetooth%26search_id%3D20251024233315577BCC914F9E55036XH6%26src%3Dsearch,2025-10-25 07:07:46
Fantech Go Move WH03 Wireless Bluetooth Headset Foldable Lightweight Headphone Earphone,250850,5.0,Click & Go Tokopedia,Bandung,https://www.tokopedia.com/clickandgo/fantech-go-move-wh03-wireless-bluetooth-headset-foldable-lightweight-headphone-earphone-1729840195252618500?extParam=ivf%3Dfalse%26keyword%3Dheadphone+bluetooth%26search_id%3D20251024233315577BCC914F9E55036XH6%26src%3Dsearch,2025-10-25 07:07:46
JETE Headphone Bluetooth 06 Extreme Super Bass Garansi Resmi 24 Bulan,252500,5.0,TOPSELL OFFICIAL,Surabaya,https://www.tokopedia.com/topsellofficial/jete-headphone-bluetooth-06-extreme-super-bass-garansi-resmi-24-bulan?extParam=ivf%3Dfalse%26keyword%3Dheadphone+bluetooth%26src%3Dsearch,2025-10-25 07:07:46
Vention Wireless Headphone ENC Bluetooth Headset Earphone OpenBeat O11 Series,265905,4.7,Vention Authorized Store,Jakarta Barat,https://www.tokopedia.com/sinshe-tekno/vention-wireless-headphone-enc-bluetooth-headset-earphone-openbeat-o11-series-nbp-black-3400d?extParam=ivf%3Dtrue%26keyword%3Dheadphone+bluetooth%26src%3Dsearch,2025-10-25 07:07:46
Jete Extreme Series 06 Headphone Bluetooth Wireless Noise Canceling,272800,5.0,EAONLINE,Jakarta Barat,https://www.tokopedia.com/eaonlineofficial/jete-extreme-series-06-headphone-bluetooth-wireless-noise-canceling?extParam=ivf%3Dfalse%26keyword%3Dheadphone+bluetooth%26src%3Dsearch,2025-10-25 07:07:46
Vention Wireless Headphone ENC Bluetooth Headset Earphone TWS OpenBeat O15,273600,5.0,Vention Authorized Store,Jakarta Barat,https://www.tokopedia.com/sinshe-tekno/vention-wireless-headphone-enc-bluetooth-headset-earphone-tws-openbeat-o15-1730805583037498410?extParam=ivf%3Dtrue%26keyword%3Dheadphone+bluetooth%26search_id%3D20251024233315577BCC914F9E55036XH6%26src%3Dsearch,2025-10-25 07:07:46
Fantech Headphone Wireless Bluetooth 5.3 with Noise- Cancellation Headset Earphone GO VIBE WH05A,278900,4.8,Fantech Official Store,Jakarta Barat,https://www.tokopedia.com/fantech-official-store/fantech-headphone-wireless-bluetooth-5-3-with-noise-cancellation-headset-earphone-go-vibe-wh05a-1730778716723054026?extParam=ivf%3Dfalse%26keyword%3Dheadphone+bluetooth%26src%3Dsearch,2025-10-25 07:07:46
Baseus Encok D02 Pro Foldable Headphone Bluetooth Wireless Earphone,289000,5.0,Risc Computer,Surakarta,https://www.tokopedia.com/risccomputer/baseus-encok-d02-pro-foldable-headphone-bluetooth-wireless-earphone-putih-9e9fc?extParam=ivf%3Dfalse%26keyword%3Dheadphone+bluetooth%26search_id%3D20251024233315577BCC914F9E55036XH6%26src%3Dsearch,2025-10-25 07:07:46
USAMS YG23 Wireless Headphone Bluetooth BT5.3 40hrs Listening,298900,5.0,USAMS ID Official,Tangerang,https://www.tokopedia.com/usamsidofficial/usams-yg23-wireless-headphone-bluetooth-bt5-3-40hrs-listening-hitam-c4cd8?extParam=ivf%3Dtrue%26keyword%3Dheadphone+bluetooth%26search_id%3D20251024233315577BCC914F9E55036XH6%26src%3Dsearch,2025-10-25 07:07:46
"Fantech Headphone GO VIBE WH05A Wireless ANC Bluetooth 5.3 Noise-Cancellation, Suara Jernih & Nyaman Dipakai",299000,5.0,Fantech Smart Life,Jakarta Barat,https://www.tokopedia.com/fantechsmartlife/fantech-go-headphone-anc-wireless-bluetooth-5-3-with-noise-cancellation-headset-go-vibe-wh05a-1730778863565767716?extParam=ivf%3Dtrue%26keyword%3Dheadphone+bluetooth%26src%3Dsearch,2025-10-25 07:07:46
"TH40 Stereo Bluetooth v.5,0 Earphone Original Hifi Noise Isolating Wired Headphone ANC {Free Stiker} Headset Earphones Headphones Wireless Laptop Komputer Pc Black",306520,5.0,Izzy Audio,Jakarta Pusat,https://www.tokopedia.com/izzy-audio/lenovo-th40-headphone-with-anc-bluetooth-wireles-headset-earphone-v5-0-white-gray?extParam=ivf%3Dtrue%26keyword%3Dheadphone+bluetooth%26search_id%3D20251024233315577BCC914F9E55036XH6%26src%3Dsearch,2025-10-25 07:07:46
Rexus S6 Pro Headset Headphone Dual Connection Bluetooth Wireless AUX Black Microphone,339250,5.0,Click & Go Tokopedia,Bandung,https://www.tokopedia.com/clickandgo/rexus-s6-pro-headset-headphone-dual-connection-bluetooth-wireless-aux-black-microphone-1729995100126086404?extParam=ivf%3Dfalse%26keyword%3Dheadphone+bluetooth%26search_id%3D20251024233315577BCC914F9E55036XH6%26src%3Dsearch,2025-10-25 07:07:46
Fantech Tamago II WHG04 WHG-04 Wireless Gaming Headset Multi Platform Headphone Bluetooth WHG 04,349000,5.0,Clover Gaming Indonesia,Bandung,https://www.tokopedia.com/clover-gaming/fantech-tamago-ii-whg04-whg-04-wireless-gaming-headset-multi-platform-headphone-bluetooth-whg-04-1731400407082633064?extParam=ivf%3Dfalse%26keyword%3Dheadphone+bluetooth%26src%3Dsearch,2025-10-25 07:07:46
"Fantech Life Headphone Wireless ANC Headphone GO FLOW WH07A Bluetooth 5.3 & Noise-Cancellation, Suara Jernih & Nyaman Dipakai",359000,5.0,Fantech Smart Life,Jakarta Barat,https://www.tokopedia.com/fantechsmartlife/fantech-life-headphone-wireless-anc-headphone-go-flow-wh07a-bluetooth-5-3-noise-cancellation-suara-jernih-nyaman-dipakai-1730778892515247140?extParam=ivf%3Dtrue%26keyword%3Dheadphone+bluetooth%26src%3Dsearch,2025-10-25 07:07:46
Headphone Bluetooth Soundcore H30i - A3012,396000,5.0,Anker Bali,Kab. Badung,https://www.tokopedia.com/ankerofficialbali/headphone-bluetooth-soundcore-h30i-a3012?extParam=ivf%3Dfalse%26keyword%3Dheadphone+bluetooth%26src%3Dsearch,2025-10-25 07:07:46
Headphone Bluetooth Soundcore H30i - A3012,398000,5.0,Soundcore by Anker,Jakarta Utara,https://www.tokopedia.com/soundcore-by-anker/headphone-bluetooth-soundcore-h30i-a3012?extParam=ivf%3Dfalse%26keyword%3Dheadphone+bluetooth%26search_id%3D20251024233315577BCC914F9E55036XH6%26src%3Dsearch,2025-10-25 07:07:46
UGREEN Exclusive Wireless Headphone HiTune Max 5C Bluetooth 5.4 Noise Canceling,399000,4.9,UGREEN Official Store,Jakarta Pusat,https://www.tokopedia.com/ugreenofficialstore/ugreen-exclusive-wireless-headphone-hitune-max-5c-bluetooth-5-4-noise-canceling-1731033936056977020?extParam=ivf%3Dtrue%26keyword%3Dheadphone+bluetooth%26src%3Dsearch,2025-10-25 07:07:46
Fantech GO Headphone ANC Wireless Bluetooth 5.3 with Noise-Cancellation Headset GO FLOW WH07A,399000,4.7,Fantech Official Store,Jakarta Barat,https://www.tokopedia.com/fantech-official-store/fantech-go-headphone-anc-wireless-bluetooth-5-3-with-noise-cancellation-headset-go-flow-wh07a-1730778643368478154?extParam=ivf%3Dfalse%26keyword%3Dheadphone+bluetooth%26src%3Dsearch,2025-10-25 07:07:46
Baseus Bowie D05 Foldable Wireless Headphone Headset ENC Bluetooth 5.3,399000,5.0,Bima Accessories Bali,Denpasar,https://www.tokopedia.com/bimaaccessoriesofficial/baseus-bowie-d05-foldable-wireless-headphone-headset-enc-bluetooth-5-3-abu-abu-2e3f1?extParam=ivf%3Dfalse%26keyword%3Dheadphone+bluetooth%26search_id%3D20251024233315577BCC914F9E55036XH6%26src%3Dsearch,2025-10-25 07:07:46
UGREEN Premium HiTune Max 5C Wireless Headphone Bluetooth 5.4 Active Noise Canceling Earphone,399000,5.0,ASTEROS OFFICIAL,Jakarta Pusat,https://www.tokopedia.com/asterosofficial/ugreen-exclusive-hitune-max-5c-wireless-headphone-bluetooth-5-4-active-noise-canceling-max-5c-black-b387a?extParam=ivf%3Dfalse%26keyword%3Dheadphone+bluetooth%26src%3Dsearch,2025-10-25 07:07:46
Headphone Gaming Armaggeddon Cosmic III Lite Bluetooth Wireless 2.4G Gaming Headset with Detachable Mic,399000,4.9,SuperstoreComputindo,Jakarta Pusat,https://www.tokopedia.com/superstorecom/headphone-gaming-armaggeddon-cosmic-iii-lite-bluetooth-wireless-2-4g-gaming-headset-with-detachable-mic-black-e68fe?extParam=ivf%3Dfalse%26keyword%3Dheadphone+bluetooth%26search_id%3D20251024233315577BCC914F9E55036XH6%26src%3Dsearch,2025-10-25 07:07:46
Headphone Bluetooth Soundcore H30i - A3012,399000,5.0,Anker Indonesia,Jakarta Utara,https://www.tokopedia.com/anker-indonesia/headphone-bluetooth-soundcore-h30i-a3012?extParam=ivf%3Dfalse%26keyword%3Dheadphone+bluetooth%26search_id%3D20251024233315577BCC914F9E55036XH6%26src%3Dsearch,2025-10-25 07:07:46
EDIFIER WH500 Headset Wireless Bluetooth V5.2 On-Ear Headphone,415000,5.0,Starcomp Semarang,Semarang,https://www.tokopedia.com/starcomp-semarang/edifier-wh500-headset-wireless-bluetooth-v5-2-on-ear-headphone-black-aace6?extParam=ivf%3Dfalse%26keyword%3Dheadphone+bluetooth%26search_id%3D20251024233315577BCC914F9E55036XH6%26src%3Dsearch,2025-10-25 07:07:46
Headset / Headphone Gaming Rexus S6 / S 6 Pro Bluetooth + 3.5mm Aux,425000,5.0,BintangRayaKomputer,Jakarta Pusat,https://www.tokopedia.com/bintangrayacom/headset-headphone-gaming-rexus-s6-s-6-pro-bluetooth-3-5mm-aux-white-de70a?extParam=ivf%3Dfalse%26keyword%3Dheadphone+bluetooth%26search_id%3D20251024233315577BCC914F9E55036XH6%26src%3Dsearch,2025-10-25 07:07:46
Headset Fantech WH01 Headphone Bluetooth Headset Wireless Low Latency,435000,5.0,AKA Online_NEW,Jakarta Barat,https://www.tokopedia.com/aka-online/headset-fantech-wh01-headphone-bluetooth-headset-wireless-low-latency-hitam?extParam=ivf%3Dtrue%26keyword%3Dheadphone+bluetooth%26search_id%3D20251024233315577BCC914F9E55036XH6%26src%3Dsearch,2025-10-25 07:07:46
Lolypoly Headphone Wireless Bluetooth With Bass Quality Free Pouch,441000,5.0,Lolypoly Indonesia,Jakarta Utara,https://www.tokopedia.com/loly-poly/lolypoly-headphone-wireless-bluetooth-with-bass-quality-free-pouch-blue?extParam=ivf%3Dtrue%26keyword%3Dheadphone+bluetooth%26search_id%3D20251024233315577BCC914F9E55036XH6%26src%3Dsearch,2025-10-25 07:07:46
TH20 Headphone Bluetooth Wireless Stereo HIFI BT 5.3 Headset Earphone,447000,5.0,ILO Id,Jakarta Pusat,https://www.tokopedia.com/ilo-official/th20-headphone-bluetooth-wireless-stereo-hifi-bt-5-3-headset-earphone-black-9895f?extParam=ivf%3Dtrue%26keyword%3Dheadphone+bluetooth%26src%3Dsearch,2025-10-25 07:07:46
Rexus S9 Pro Headphone Bluetooth with ANC Headset Wireless Black Hitam,468210,5.0,Click & Go Tokopedia,Bandung,https://www.tokopedia.com/clickandgo/rexus-s9-pro-headphone-bluetooth-with-anc-headset-wireless-black-hitam-1729837603553772804?extParam=ivf%3Dfalse%26keyword%3Dheadphone+bluetooth%26search_id%3D20251024233315577BCC914F9E55036XH6%26src%3Dsearch,2025-10-25 07:07:46
VIVAN Headphone Bluetooth v5.4 Adaptive Noice Cancelling H300 NC Low Latency 38ms Garansi 1 Tahun Headset Bass Wireless Earphone,470900,5.0,Vivan Audio Store,Kab. Tangerang,https://www.tokopedia.com/vivanofficial/vivan-headphone-bluetooth-v5-4-adaptive-noice-cancelling-h300-nc-low-latency-38ms-garansi-1-tahun?extParam=ivf%3Dfalse%26keyword%3Dheadphone+bluetooth%26src%3Dsearch,2025-10-25 07:07:46
REXUS RX S9 PRO Headset Headphone Earphone Wireless Bluetooth V5.3,475000,5.0,Risc Computer,Surakarta,https://www.tokopedia.com/risccomputer/rexus-rx-s9-pro-headset-headphone-earphone-wireless-bluetooth-v5-3?extParam=ivf%3Dfalse%26keyword%3Dheadphone+bluetooth%26search_id%3D20251024233315577BCC914F9E55036XH6%26src%3Dsearch,2025-10-25 07:07:46
SOUL Ultra Wireless ANC Headphone Bluetooth Adaptive Noise Cancelling  Multi Point Connection,505000,5.0,Soul Electronics ID,Jakarta Barat,https://www.tokopedia.com/soulelectronics/soul-ultra-wireless-anc-headphone-bluetooth-adaptive-noise-cancelling-multi-point-connection-1729604993809941842?extParam=ivf%3Dtrue%26keyword%3Dheadphone+bluetooth%26src%3Dsearch,2025-10-25 07:07:46
MAONO Bluetooth Studio Monitoring Headphone / Headset AU-MH501,520000,5.0,TEKNOCITI,Tangerang,https://www.tokopedia.com/teknociti/maono-bluetooth-studio-monitoring-headphone-headset-au-mh501?extParam=ivf%3Dfalse%26keyword%3Dheadphone+bluetooth%26src%3Dsearch%26whid%3D2736720,2025-10-25 07:07:46
SONY WH-CH520 WHCH520 CH 520 Wireless Headphone On-Ear Bluetooth,568000,5.0,ZTH Official,Jakarta Utara,https://www.tokopedia.com/zthofficial/sony-wh-ch520-whch520-ch-520-wireless-headphone-on-ear-bluetooth-1729965881885164836?extParam=ivf%3Dfalse%26keyword%3Dheadphone+bluetooth%26src%3Dsearch,2025-10-25 07:07:46
Anker Soundcore Q20i Wireless Headphone ANC Headset Bluetooth,589000,5.0,Starcomp Semarang,Kab. Banyumas,https://www.tokopedia.com/starcomp-semarang/anker-soundcore-q20i-wireless-headphone-anc-headset-bluetooth-black-2ead9?extParam=ivf%3Dfalse%26keyword%3Dheadphone+bluetooth%26search_id%3D20251024233315577BCC914F9E55036XH6%26src%3Dsearch%26whid%3D19712612,2025-10-25 07:07:46
Soundcore by Anker Q20i Bluetooth Headphones with Mic Hi-Res Hybrid ANC Headset with Noise Cancelling Wireless Headphone Over-the-Ear Headphones - A3004,590000,5.0,Anker Indonesia,Jakarta Utara,https://www.tokopedia.com/anker-indonesia/soundcore-by-anker-q20i-bluetooth-headphones-with-mic-hi-res-hybrid-anc-headset-with-noise-cancelling-wireless-headphone-over-the-ear-headphones-a3004-black-697ba?extParam=ivf%3Dfalse%26keyword%3Dheadphone+bluetooth%26search_id%3D20251024233315577BCC914F9E55036XH6%26src%3Dsearch,2025-10-25 07:07:46
Soundcore by Anker Q20i Bluetooth Headphones with Mic Hi-Res Hybrid ANC Headset with Noise Cancelling Wireless Headphone Over-the-Ear Headphones - A3004,591000,4.9,Soundcore by Anker,Jakarta Utara,https://www.tokopedia.com/soundcore-by-anker/soundcore-by-anker-q20i-bluetooth-headphones-with-mic-hi-res-hybrid-anc-headset-with-noise-cancelling-wireless-headphone-over-the-ear-headphones-a3004-black-30e51?extParam=ivf%3Dfalse%26keyword%3Dheadphone+bluetooth%26src%3Dsearch,2025-10-25 07:07:46
Headphone SONY WH-CH520 Wireless Bluetooth Headphone On Ear CH520 CH-520 Earphone Headset,609000,5.0,Sony Center Surabaya Official,Surabaya,https://www.tokopedia.com/sonycentersurabaya/headphone-sony-wh-ch520-wireless-bluetooth-headphone-on-ear-ch520-ch-520-earphone-headset-1729843022188939004?extParam=ivf%3Dfalse%26keyword%3Dheadphone+bluetooth%26search_id%3D20251024233315577BCC914F9E55036XH6%26src%3Dsearch,2025-10-25 07:07:46
Baseus Original Bowie H1 Headphone Wireless Bluetooth 5.2 ANC Active Noise Cancelling Head Phone Ori,638900,5.0,Pampam Shop,Kab. Tangerang,https://www.tokopedia.com/pampamolshop/baseus-bowie-h1-headphone-wireless-bluetooth-anc-noise-cancelling-ori-white-db72a?extParam=ivf%3Dfalse%26keyword%3Dheadphone+bluetooth%26src%3Dsearch,2025-10-25 07:07:46
EDIFIER W800BT PRO BLACK WIRELESS BLUETOOTH ON-EAR EARBUDS EARPHONE HEADPHONE HEADSET,699000,5.0,SOS SPORT ONLINE SHOP,Jakarta Pusat,https://www.tokopedia.com/sportonlineshop/edifier-w800bt-pro-black-wireless-bluetooth-on-ear-earbuds-earphone-headphone-headset?extParam=ivf%3Dfalse%26keyword%3Dheadphone+bluetooth%26src%3Dsearch,2025-10-25 07:07:46
KiiP Wireless TH60 Headphone Bluetooth Wireless Headset Earphone Garansi Resmi KiiP Indonesia,799000,5.0,Justin Jaya Store_NEW,Palembang,https://www.tokopedia.com/justinjayastore/kiip-wireless-th60-headphone-bluetooth-wireless-headset-earphone-garansi-resmi-kiip-indonesia-beige-71b50?extParam=ivf%3Dfalse%26keyword%3Dheadphone+bluetooth%26src%3Dsearch,2025-10-25 07:07:46
Logitech G435 Headphone Headset Wireless Bluetooth Ultra-light,958000,5.0,Logitech G Official,Jakarta Pusat,https://www.tokopedia.com/logitech-g/logitech-g435-headphone-headset-wireless-bluetooth-ultra-light-black-0169a?extParam=ivf%3Dtrue%26keyword%3Dheadphone+bluetooth%26search_id%3D20251024233315577BCC914F9E55036XH6%26src%3Dsearch,2025-10-25 07:07:46
Logitech G435 Headphone Wireless Bluetooth Ultra-light -Headset Gaming,1050000,5.0,MMCROXY,Jakarta Pusat,https://www.tokopedia.com/multimediacell/logitech-g435-headphone-wireless-bluetooth-ultra-light-headset-gaming-hitam?extParam=ivf%3Dfalse%26keyword%3Dheadphone+bluetooth%26search_id%3D20251024233315577BCC914F9E55036XH6%26src%3Dsearch,2025-10-25 07:07:46
JVC HA-S20BT Headphone Bluetooth Flats Wireless Headset,1100000,5.0,Ridista Online,Jakarta Barat,https://www.tokopedia.com/inforidista/jvc-ha-s20bt-headphone-bluetooth-flats-wireless-headset-hitam?extParam=ivf%3Dfalse%26keyword%3Dheadphone+bluetooth%26search_id%3D20251024233315577BCC914F9E55036XH6%26src%3Dsearch,2025-10-25 07:07:46
( NEW LAUNCH ) Headphone Bluetooth Soundcore Space One - A3035,1197000,5.0,Anker Indonesia,Jakarta Utara,https://www.tokopedia.com/anker-indonesia/new-launch-headphone-bluetooth-soundcore-space-one-a3035-black-fb4bb?extParam=ivf%3Dtrue%26keyword%3Dheadphone+bluetooth%26search_id%3D20251024233315577BCC914F9E55036XH6%26src%3Dsearch,2025-10-25 07:07:46
Headphone Bluetooth Soundcore Space One - A3035,1198000,5.0,Soundcore by Anker,Jakarta Utara,https://www.tokopedia.com/soundcore-by-anker/headphone-bluetooth-soundcore-space-one-a3035-black-5f475?extParam=ivf%3Dfalse%26keyword%3Dheadphone+bluetooth%26search_id%3D20251024233315577BCC914F9E55036XH6%26src%3Dsearch,2025-10-25 07:07:46
( NEW LAUNCH ) Headphone Bluetooth Soundcore Space One - A3035,1199000,5.0,Anker Official Medan,Medan,https://www.tokopedia.com/ankerofficialmedan/new-launch-headphone-bluetooth-soundcore-space-one-a3035-hitam-888db?extParam=ivf%3Dfalse%26keyword%3Dheadphone+bluetooth%26search_id%3D20251024233315577BCC914F9E55036XH6%26src%3Dsearch,2025-10-25 07:07:46
UGREEN Hitune Max 3 Hybrid Headphone Earphone Bluetooth Noise Cancelling 90422,1290000,5.0,UGREEN Official Store,Jakarta Pusat,https://www.tokopedia.com/ugreenofficialstore/ugreen-hitune-max-3-hybrid-headphone-earphone-bluetooth-noise-cancelling-90422-1729653298003675936?extParam=ivf%3Dfalse%26keyword%3Dheadphone+bluetooth%26src%3Dsearch,2025-10-25 07:07:46
MIXIO MH-20 ANC Bluetooth Headphones with Mic Hi-Res Hybrid Headset with Noise Cancelling Wireless Headphone Over-the-EAR,1299000,4.8,MIXIO,Kab. Tangerang,https://www.tokopedia.com/mixioofficial/mixio-mh-20-anc-bluetooth-headphones-with-mic-hi-res-hybrid-headset-with-noise-cancelling-wireless-headphone-over-the-ear-black-26971?extParam=ivf%3Dtrue%26keyword%3Dheadphone+bluetooth%26src%3Dsearch,2025-10-25 07:07:46
Sony WH-CH720N WHCH720 CH720 CH 720 N 720N Bluetooth Headphone Headset,1390000,5.0,Jakarta Digital 8,Jakarta Pusat,https://www.tokopedia.com/jakartadigital8/sony-wh-ch720n-whch720-ch720-ch-720-n-720n-bluetooth-headphone-headset-putih-paket-a?extParam=ivf%3Dfalse%26keyword%3Dheadphone+bluetooth%26search_id%3D20251024233315577BCC914F9E55036XH6%26src%3Dsearch,2025-10-25 07:07:46
Logitech Zone Vibe 100 Wireless Bluetooth Headphone Noise Cancelling,1515000,4.8,Click & Go Tokopedia,Bandung,https://www.tokopedia.com/clickandgo/logitech-zone-vibe-100-wireless-bluetooth-headphone-noise-cancelling-off-white?extParam=ivf%3Dfalse%26keyword%3Dheadphone+bluetooth%26src%3Dsearch,2025-10-25 07:07:46
Logitech Zone Vibe 100 Headphone Wireless Bluetooth Noise Cancelling,1529000,4.9,Logitech Official Store,Jakarta Timur,https://www.tokopedia.com/logitech/logitech-zone-vibe-100-headphone-wireless-bluetooth-noise-cancelling-graphite?extParam=ivf%3Dtrue%26keyword%3Dheadphone+bluetooth%26src%3Dsearch%26whid%3D49414,2025-10-25 07:07:46
JBL Tune 660 BT NC Bluetooth Headphone w/ Noise Cancelling Tune660BTNC Bass Wireless,1531250,5.0,Click & Go Tokopedia,Bandung,https://www.tokopedia.com/clickandgo/jbl-tune-660-bt-nc-bluetooth-headphone-w-noise-cancelling-tune660btnc-bass-wireless-1729983181872006404?extParam=ivf%3Dfalse%26keyword%3Dheadphone+bluetooth%26search_id%3D20251024233315577BCC914F9E55036XH6%26src%3Dsearch,2025-10-25 07:07:46
Logitech Zone Vibe 100 Headphone Wireless Bluetooth Noise Cancelling,1599000,5.0,Blisatu.id,Jakarta Pusat,https://www.tokopedia.com/blisatu/logitech-zone-vibe-100-headphone-wireless-bluetooth-noise-cancelling-hitam-6a2d6?extParam=ivf%3Dfalse%26keyword%3Dheadphone+bluetooth%26search_id%3D20251024233315577BCC914F9E55036XH6%26src%3Dsearch,2025-10-25 07:07:46
Sudio B2 Flex Fit Bone Conduction Open Ear Headphone Wireless Bluetooth 5.3,1899000,5.0,IGA Tech Lifestyle,Tangerang,https://www.tokopedia.com/infinitiglobal/sudio-b2-flex-fit-bone-conduction-open-ear-headphone-wireless-bluetooth-5-3-white-f3061?extParam=ivf%3Dfalse%26keyword%3Dheadphone+bluetooth%26src%3Dsearch,2025-10-25 07:07:46
ANKER SOUNDCORE AEROCLIP A3388 Open Ear Earbuds Clip On Bluetooth Headset Headphone Wireless TWS 12mm Driver 24 Jam Battery Mic AI,2049000,5.0,Tanaga Online Shop,Jakarta Barat,https://www.tokopedia.com/tanaga/anker-soundcore-aeroclip-a3388-open-ear-earbuds-clip-on-bluetooth-headset-headphone-wireless-tws-12mm-driver-24-jam-battery-mic-ai-1731058040000186189?extParam=ivf%3Dfalse%26keyword%3Dheadphone+bluetooth%26search_id%3D20251024233315577BCC914F9E55036XH6%26src%3Dsearch,2025-10-25 07:07:46
SONY WH-ULT900N ULT Wear Wireless Headphone Bluetooth Noise Cancelling,2099010,5.0,ATI OFFICIAL STORE,Surabaya,https://www.tokopedia.com/ati/sony-wh-ult900n-ult-wear-wireless-headphone-bluetooth-noise-cancelling-1732330649067226993?extParam=ivf%3Dfalse%26keyword%3Dheadphone+bluetooth%26search_id%3D20251024233315577BCC914F9E55036XH6%26src%3Dsearch,2025-10-25 07:07:46
PIONEER DJ HDJ CUE1BT DJ HEADPHONE WITH BLUETOOTH BMJ,2225000,5.0,Bandar Musik Jakarta BMJ,Jakarta Pusat,https://www.tokopedia.com/bandarmusikjakarta/pioneer-dj-hdj-cue1bt-dj-headphone-with-bluetooth-bmj?extParam=ivf%3Dfalse%26keyword%3Dheadphone+bluetooth%26search_id%3D20251024233315577BCC914F9E55036XH6%26src%3Dsearch,2025-10-25 07:07:46
Headphone SONY WH-ULT900N ULT Wear Wireless Bluetooth Noise Cancelling - Headset WH-ULT900N/B,2428000,5.0,DBKlik Indonesia,Surabaya,https://www.tokopedia.com/dbclick/headphone-sony-wh-ult900n-ult-wear-wireless-bluetooth-noise-cancelling-headset-wh-ult900n-b-1732567690704749608?extParam=ivf%3Dfalse%26keyword%3Dheadphone+bluetooth%26src%3Dsearch%26whid%3D70055,2025-10-25 07:07:46
